#
# Apache/PHP/Drupal settings:
#

# Protect files and directories from prying eyes.
<FilesMatch "\.(engine|inc|info|install|make|module|profile|test|po|sh|.*sql|theme|tpl(\.php)?|xtmpl)(~|\.sw[op]|\.bak|\.orig|\.save)?$|^(\..*|Entries.*|Repository|Root|Tag|Template)$|^#.*#$|\.php(~|\.sw[op]|\.bak|\.orig\.save)$">
  Order allow,deny
</FilesMatch>

# Don't show directory listings for URLs which map to a directory.
Options -Indexes

# Follow symbolic links in this directory.
Options +FollowSymLinks

# Make Drupal handle any 404 errors.
ErrorDocument 404 /index.php

# Set the default handler.
DirectoryIndex index.php index.html index.htm

# Override PHP settings that cannot be changed at runtime. See
# sites/default/default.settings.php and drupal_environment_initialize() in
# includes/bootstrap.inc for settings that can be changed at runtime.

# PHP 5, Apache 1 and 2.
<IfModule mod_php5.c>
  php_flag magic_quotes_gpc                 off
  php_flag magic_quotes_sybase              off
  php_flag register_globals                 off
  php_flag session.auto_start               off
  php_value mbstring.http_input             pass
  php_value mbstring.http_output            pass
  php_flag mbstring.encoding_translation    off
</IfModule>

# Requires mod_expires to be enabled.
<IfModule mod_expires.c>
  # Enable expirations.
  ExpiresActive On

  # Cache all files for 2 weeks after access (A).
  ExpiresDefault A1209600

  <FilesMatch \.php$>
    # Do not allow PHP scripts to be cached unless they explicitly send cache
    # headers themselves. Otherwise all scripts would have to overwrite the
    # headers set by mod_expires if they want another caching behavior. This may
    # fail if an error occurs early in the bootstrap process, and it may cause
    # problems if a non-Drupal PHP file is installed in a subdirectory.
    ExpiresActive Off
  </FilesMatch>
</IfModule>


# Remove trailing slash with 301 perma redirect;  Works with both http and https
<IfModule mod_alias.c>
  RedirectMatch 301 ^(.+)/$ $1
</IfModule>


# Various rewrite rules.
<IfModule mod_rewrite.c>
  RewriteEngine on

  # Set "protossl" to "s" if we were accessed via https://.  This is used later
  # if you enable "www." stripping or enforcement, in order to ensure that
  # you don't bounce between http and https.
  RewriteRule ^ - [E=protossl]
  RewriteCond %{HTTPS} on
  RewriteRule ^ - [E=protossl:s]

  # Make sure Authorization HTTP header is available to PHP
  # even when running as CGI or FastCGI.
  RewriteRule ^ - [E=HTTP_AUTHORIZATION:%{HTTP:Authorization}]

  # Block access to "hidden" directories whose names begin with a period. This
  # includes directories used by version control systems such as Subversion or
  # Git to store control files. Files whose names begin with a period, as well
  # as the control files used by CVS, are protected by the FilesMatch directive
  # above.
  #
  # NOTE: This only works when mod_rewrite is loaded. Without mod_rewrite, it is
  # not possible to block access to entire directories from .htaccess, because
  # <DirectoryMatch> is not allowed here.
  #
  # If you do not have mod_rewrite installed, you should remove these
  # directories from your webroot or otherwise protect them from being
  # downloaded.
  RewriteRule "(^|/)\." - [F]

  # If your site can be accessed both with and without the 'www.' prefix, you
  # can use one of the following settings to redirect users to your preferred
  # URL, either WITH or WITHOUT the 'www.' prefix. Choose ONLY one option:
  #
  # To redirect all users to access the site WITH the 'www.' prefix,
  # (http://example.com/... will be redirected to http://www.example.com/...)
  # uncomment the following:
  # RewriteCond %{HTTP_HOST} .
  # RewriteCond %{HTTP_HOST} !^www\. [NC]
  # RewriteRule ^ http%{ENV:protossl}://www.%{HTTP_HOST}%{REQUEST_URI} [L,R=301]

  RewriteCond %{HTTP_HOST} ^geoilandgas\.com [NC]
  RewriteRule (.*) http://www.geoilandgas.com/$1 [R=301,L]

  #
  # To redirect all users to access the site WITHOUT the 'www.' prefix,
  # (http://www.example.com/... will be redirected to http://example.com/...)
  # uncomment the following:
  # RewriteCond %{HTTP_HOST} ^www\.(.+)$ [NC]
  # RewriteRule ^ http%{ENV:protossl}://%1%{REQUEST_URI} [L,R=301]

  # Modify the RewriteBase if you are using Drupal in a subdirectory or in a
  # VirtualDocumentRoot and the rewrite rules are not working properly.
  # For example if your site is at http://example.com/drupal uncomment and
  # modify the following line:
  # RewriteBase /drupal
  #
  # If your site is running in a VirtualDocumentRoot at http://example.com/,
  # uncomment the following line:
  RewriteBase /

  # Redirect all users to access the site WITH the 'www.' prefix
  RewriteCond %{HTTP_HOST} !^www\. [NC]
  RewriteCond %{HTTP_HOST} !^geog\.dev\.local [NC]
  RewriteCond %{HTTP_HOST} !^gemc\.dev\.local [NC]
  RewriteCond %{HTTP_HOST} !\.([a-z-]+\.[a-z]{2,6})$ [NC]
  RewriteRule ^ http://www.%{HTTP_HOST}%{REQUEST_URI} [L,R=301]


#---- ge-energy.com start
RewriteCond %{HTTP_HOST} ^www\.ge-energy\.com$
# Don't loop anything targeting the actual mask directory, to allow
# for linked scripts, stylesheets etc in the static HTML
RewriteCond %{REQUEST_URI} !^/ge-energy/docs/HTML-files/GE-Energy/
# pass-through the matching file from beneath /sites/default/files/ and stop processing
RewriteRule ^(.*)$ /ge-energy/docs/HTML-files/GE-Energy/$1 [PT,L]
#---- ge-energy.com end


  #custom redirect start --
  # - oil and gas redirects

  Redirect 301 /about/ge_energy_in_the_news.jsp http://www.ge-energy.com
  Redirect 301 /about/index.jsp http://www.ge-energy.com
  Redirect 301 /about/media_center.jsp http://www.ge-energy.com
  Redirect 301 /about/media_contacts.jsp http://www.ge-energy.com
  Redirect 301 /about/newsletters_and_magazines.jsp http://www.ge-energy.com
  Redirect 301 /about/photos_video_audio.jsp http://www.ge-energy.com
  Redirect 301 /about/press_releases.jsp http://www.ge-energy.com
  Redirect 301 /about/websites_and_social_media.jsp http://www.ge-energy.com
  Redirect 301 /contact.jsp http://www.ge-energy.com
  Redirect 301 /content/multimedia/_files/downloads/Consolidated%20catalog_0512.pdf http://www.ge-energy.com
  Redirect 301 /filtration/?$ http://www.ge-energy.com
  Redirect 301 /index.jsp http://www.ge-energy.com
  Redirect 301 /insights/index.jsp http://www.ge-energy.com
  Redirect 301 /privacy.jsp http://www.ge-energy.com
  Redirect 301 /products_and_services/?$ http://www.ge-energy.com
  Redirect 301 /products_and_services/index.jsp http://www.ge-energy.com
  Redirect 301 /products_and_services/products/air_filtration/aftermarket_replacement_parts.jsp http://www.ge-energy.com
  Redirect 301 /products_and_services/products/chemical_injection_pumps/texsteam_gas_pneumatic_chemical_injection_pump.jsp http://www.ge-energy.com
  Redirect 301 /products_and_services/products/circuit_breakers/?$ http://www.ge-energy.com
  Redirect 301 /products_and_services/products/compressors/?$ http://www.ge-energy.com
  Redirect 301 /products_and_services/products/compressors/he_s_compressor.jsp http://www.ge-energy.com
  Redirect 301 /products_and_services/products/compressors/index.jsp http://www.ge-energy.com
  Redirect 301 /products_and_services/products/compressors/integrally_geared.jsp http://www.ge-energy.com
  Redirect 301 /products_and_services/products/compressors/roots_igch_centrifugal_compressor.jsp http://www.ge-energy.com
  Redirect 301 /products_and_services/products/controls_plant_and_turbine_generators/index.jsp http://www.ge-energy.com
  Redirect 301 /products_and_services/products/environmental_products/index.jsp http://www.ge-energy.com
  Redirect 301 /products_and_services/products/gas_turbines_heavy_duty/ms5001_gas_turbine.jsp http://www.ge-energy.com
  Redirect 301 /products_and_services/products/gas_turbines_small_heavy_duty/?$ http://www.ge-energy.com
  Redirect 301 /products_and_services/products/gas_turbines_small_heavy_duty/ge102_gas_turbine.jsp http://www.ge-energy.com
  Redirect 301 /products_and_services/products/gas_turbines_small_heavy_duty/index.jsp http://www.ge-energy.com
  Redirect 301 /products_and_services/products/metering_natural_gas/?$ http://www.ge-energy.com
  Redirect 301 /products_and_services/products/valves_control_and_safety/masoneilan_35002_series_camflex_rotary_control_valve.jsp http://www.ge-energy.com
  Redirect 301 /products_and_services/services/plant_and_unit_control_aftermarket/technical_information_letters.jsp http://www.ge-energy.com
  Redirect 301 /sitemap.jsp http://www.ge-energy.com
  Redirect 301 /solutions/?$ http://www.ge-energy.com
  Redirect 301 /solutions/index.jsp http://www.ge-energy.com
  Redirect 301 /solutions/industrial_cogeneration.jsp http://www.ge-energy.com
  Redirect 301 /solutions/regions/india.jsp http://www.ge-energy.com
  Redirect 301 /solutions/regions/united_states.jsp http://www.ge-energy.com
  Redirect 301 /subscribe.jsp http://www.ge-energy.com
  Redirect 301 /terms.jsp http://www.ge-energy.com
  Redirect 301 /tools_and_training/?$ http://www.ge-energy.com
  Redirect 301 /tools_and_training/index.jsp http://www.ge-energy.com
  Redirect 301 /tools_and_training/tools/ge_reference_documents.jsp http://www.ge-energy.com
  Redirect 301 /tools_and_training/tools/materials_management.jsp http://www.ge-energy.com
  Redirect 301 /bently http://www.ge-mcs.com

  Redirect 301 /content/multimedia/_files/downloads/Consolidated_1900UM_PressRelief_Valve_brochure_0912.pdf http://www.ge-mcs.com
  Redirect 301 /content/multimedia/_files/downloads/Consolidated_Power_Srvc_Valves_brochure_0512.pdf http://www.ge-mcs.com
  Redirect 301 /content/multimedia/_files/downloads/Masoneilan_35002_CamflexII_CntrlValve_techSpec_0912.pdf http://www.ge-mcs.com
  Redirect 301 /content/multimedia/_files/downloads/Masoneilan_process_valves_cndnsd_catalog_0512.pdf http://www.ge-mcs.com
  Redirect 301 /products_and_services/products/bently_nevada_asset_condition_monitoring/?$ http://www.ge-mcs.com
  Redirect 301 /products_and_services/products/bently_nevada_asset_condition_monitoring/index.jsp http://www.ge-mcs.com
  Redirect 301 /products_and_services/products/bently_nevada_asset_condition_monitoring/monitoring_systems.jsp http://www.ge-mcs.com
  Redirect 301 /products_and_services/products/compressors/oil_free_screw_compressors.jsp http://www.ge-mcs.com
  Redirect 301 /products_and_services/products/inspection_technologies/index.jsp http://www.ge-mcs.com
  Redirect 301 /products_and_services/products/levels/masoneilan_model_12400_sil2_digital_level_transmitter.jsp http://www.ge-mcs.com
  Redirect 301 /products_and_services/products/levels/masoneilan_model_12800_pneumatic_liquid_level_controller.jsp http://www.ge-mcs.com
  Redirect 301 /products_and_services/products/measurement_and_control_solutions_heritage_brands/druck.jsp http://www.ge-mcs.com
  Redirect 301 /products_and_services/products/measurement_and_control_solutions_heritage_brands/index.jsp http://www.ge-mcs.com
  Redirect 301 /products_and_services/products/measurement_and_control_solutions_heritage_brands/panametrics_flow.jsp http://www.ge-mcs.com
  Redirect 301 /products_and_services/products/metering_natural_gas/dresser_d800_rotary_meter.jsp http://www.ge-mcs.com
  Redirect 301 /products_and_services/products/metering_natural_gas/dresser_electronic_volume_corrector.jsp http://www.ge-mcs.com
  Redirect 301 /products_and_services/products/metering_natural_gas/dresser_series_b_rotary_meters.jsp http://www.ge-mcs.com
  Redirect 301 /products_and_services/products/metering_natural_gas/dresser_specialty_meters.jsp http://www.ge-mcs.com
  Redirect 301 /products_and_services/products/metering_natural_gas/dresser_turbine_meters.jsp http://www.ge-mcs.com
  Redirect 301 /products_and_services/products/oil_and_gas_reducing_and_metering_systems/index.jsp http://www.ge-mcs.com
  Redirect 301 /products_and_services/products/sensors_and_measurement/?$ http://www.ge-mcs.com
  Redirect 301 /products_and_services/products/sensors_and_measurement/index.jsp http://www.ge-mcs.com
  Redirect 301 /products_and_services/products/sensors_and_measurement/sensors_and_measurement_pressure_and_level.jsp http://www.ge-mcs.com
  Redirect 301 /products_and_services/products/valves_control_and_safety/becker_emergency_shutdown_valve.jsp http://www.ge-mcs.com
  Redirect 301 /products_and_services/products/valves_control_and_safety/becker_pneumatic_valve_actuators.jsp http://www.ge-mcs.com
  Redirect 301 /products_and_services/products/valves_control_and_safety/becker_rotary_control_valves.jsp http://www.ge-mcs.com
  Redirect 301 /products_and_services/products/valves_control_and_safety/consolidated_19000_series_process_safety_relief_valve.jsp http://www.ge-mcs.com
  Redirect 301 /products_and_services/products/valves_control_and_safety/consolidated_1982_conventional_process_safety_relief_valve.jsp http://www.ge-mcs.com
  Redirect 301 /products_and_services/products/valves_control_and_safety/consolidated_3900_pilot_operated_safety_relief_valve.jsp http://www.ge-mcs.com
  Redirect 301 /products_and_services/products/valves_control_and_safety/consolidated_type_1900p_process_safety_relief_valve.jsp http://www.ge-mcs.com
  Redirect 301 /products_and_services/products/valves_control_and_safety/critical_service.jsp http://www.ge-mcs.com
  Redirect 301 /products_and_services/products/valves_control_and_safety/masoneilan_10000_series_double_seated_control_valve.jsp http://www.ge-mcs.com
  Redirect 301 /products_and_services/products/valves_control_and_safety/masoneilan_171_172_series_pressure_reducing_regulators.jsp http://www.ge-mcs.com
  Redirect 301 /products_and_services/products/valves_control_and_safety/masoneilan_28000_series_varipak_low_flow_control_valve.jsp http://www.ge-mcs.com
  Redirect 301 /products_and_services/products/valves_control_and_safety/masoneilan_31000_series_rotary_control_valve.jsp http://www.ge-mcs.com
  Redirect 301 /products_and_services/products/valves_control_and_safety/masoneilan_41005_series_cage_guided_control_valve.jsp http://www.ge-mcs.com
  Redirect 301 /products_and_services/products/valves_control_and_safety/masoneilan_4700P_4700E_analog_valve_positioner.jsp http://www.ge-mcs.com
  Redirect 301 /products_and_services/products/valves_control_and_safety/masoneilan_500_series_high_capacity_regulators.jsp http://www.ge-mcs.com
  Redirect 301 /products_and_services/products/valves_control_and_safety/masoneilan_77000_series_multi_stage_high_pressure_valve.jsp http://www.ge-mcs.com
  Redirect 301 /products_and_services/products/valves_control_and_safety/masoneilan_78400_18400_series_lincolnlog_valve.jsp http://www.ge-mcs.com
  Redirect 301 /products_and_services/products/valves_control_and_safety/masoneilan_80000_series_3_way_control_valve.jsp http://www.ge-mcs.com
  Redirect 301 /products_and_services/products/valves_control_and_safety/masoneilan_8012_8013_electro_pneumatic_valve_positioner.jsp http://www.ge-mcs.com
  Redirect 301 /products_and_services/products/valves_control_and_safety/masoneilan_butterfly_control_valves.jsp http://www.ge-mcs.com
  Redirect 301 /products_and_services/products/valves_control_and_safety/masoneilan_model_77_78_air_filters_air_regulator_sets.jsp http://www.ge-mcs.com
  Redirect 301 /products_and_services/products/valves_control_and_safety/masoneilan_pneumatic_piston_actuators.jsp http://www.ge-mcs.com
  Redirect 301 /products_and_services/products/valves_control_and_safety/masoneilan_svi_ii_esd_emergency_shutdown_device.jsp http://www.ge-mcs.com
  Redirect 301 /products_and_services/products/valves_control_and_safety/masoneilan_svi1000_digital_positioner.jsp http://www.ge-mcs.com
  Redirect 301 /products_and_services/products/valves_control_and_safety/masoneilan_type_37_38_pneumatic_spring_diaphragm_actuator.jsp http://www.ge-mcs.com
  Redirect 301 /products_and_services/products/valves_control_and_safety/masoneilan_type_87_88_pneumatic_multi_spring_actuators.jsp http://www.ge-mcs.com
  Redirect 301 /products_and_services/products/valves_control_and_safety/masoneilan_valvue_suite.jsp http://www.ge-mcs.com
  Redirect 301 /products_and_services/services/valve_services/masoneilan_consolidated_valves_oem_parts.jsp http://www.ge-mcs.com
  Redirect 301 /tools_and_training/tools/measurement_and_control_solutions_download_center.jsp http://www.ge-mcs.com

  Redirect 301 http://www.ge-energy.com/products_and_services/products/solar_power/?$ https://info.gepower.com/Solar.html

  Redirect 301 /nuclear https://nuclear.gepower.com
  Redirect 301 /products_and_services/products/nuclear_energy/?$ https://nuclear.gepower.com
  Redirect 301 /products_and_services/products/nuclear_energy/index.jsp https://nuclear.gepower.com
  Redirect 301 /products_and_services/services/power_plant_operation_and_maintenance_services/index.jsp https://nuclear.gepower.com
  Redirect 301 /products_and_services/products/nuclear_power_plants/?$  https://nuclear.gepower.com/build-a-plant.html
  Redirect 301 /products_and_services/products/nuclear_power_plants/index.jsp https://nuclear.gepower.com/build-a-plant.html
  Redirect 301 /content/multimedia/_files/downloads/ABWR%20General%20Description%20Book.pdf https://nuclear.gepower.com/build-a-plant/products/nuclear-power-plants-overview/abwr.html
  Redirect 301 /content/multimedia/_files/downloads/dataform_1970410478_2809806.pdf https://nuclear.gepower.com/build-a-plant/products/nuclear-power-plants-overview/abwr.html
  Redirect 301 /content/multimedia/_files/downloads/gea14576e_abwr.pdf  https://nuclear.gepower.com/build-a-plant/products/nuclear-power-plants-overview/abwr.html
  Redirect 301 /products_and_services/products/nuclear_energy/advanced_boiling_water_reactor_abwr.jsp https://nuclear.gepower.com/build-a-plant/products/nuclear-power-plants-overview/abwr.html
  Redirect 301 /products_and_services/products/nuclear_power_plants/ABWR_Nuclear_Power_Plant.jsp  https://nuclear.gepower.com/build-a-plant/products/nuclear-power-plants-overview/abwr.html
  Redirect 301 /content/multimedia/_files/downloads/ESBWR_General%20Description%20Book.pdf  https://nuclear.gepower.com/build-a-plant/products/nuclear-power-plants-overview/esbwr.html
  Redirect 301 /content/multimedia/_files/downloads/ESBWR%20fact%20sheet.pdf  https://nuclear.gepower.com/build-a-plant/products/nuclear-power-plants-overview/esbwr.html
  Redirect 301 /content/multimedia/_files/downloads/ESBWR%20Natural%20Circulation%20fact%20sheet.pdf  https://nuclear.gepower.com/build-a-plant/products/nuclear-power-plants-overview/esbwr.html
  Redirect 301 /content/multimedia/_files/downloads/ESBWR%20Passive%20Safety%20Fact%20Sheet%20-%20GEA19489D.pdf https://nuclear.gepower.com/build-a-plant/products/nuclear-power-plants-overview/esbwr.html
  Redirect 301 /products_and_services/products/nuclear_energy/esbwr_nuclear_reactor.jsp https://nuclear.gepower.com/build-a-plant/products/nuclear-power-plants-overview/esbwr.html
  Redirect 301 /products_and_services/products/nuclear_power_plants/ESBWR_Nuclear_Power_Plant.jsp https://nuclear.gepower.com/build-a-plant/products/nuclear-power-plants-overview/esbwr.html
  Redirect 301 /products_and_services/products/nuclear_fuel_cycle/?$  https://nuclear.gepower.com/fuel-a-plant.html
  Redirect 301 /products_and_services/products/nuclear_fuel_cycle/index.jsp https://nuclear.gepower.com/fuel-a-plant.html
  Redirect 301 /content/multimedia/_files/downloads/dataform_2053713368_2809794.pdf https://nuclear.gepower.com/fuel-a-plant/products/gle.html
  Redirect 301 /products_and_services/products/nuclear_fuel_cycle/Global_Laser_Enrichment.jsp https://nuclear.gepower.com/fuel-a-plant/products/gle.html
  Redirect 301 /content/multimedia/_files/downloads/dataform_2053745677_2809146.pdf https://nuclear.gepower.com/fuel-a-plant/products/gnf2-advantage.html
  Redirect 301 /content/multimedia/_files/downloads/GNF2%20Poster.pdf https://nuclear.gepower.com/fuel-a-plant/products/gnf2-advantage.html
  Redirect 301 /products_and_services/products/nuclear_energy/gnf_2_nuclear_fuel_assembly.jsp https://nuclear.gepower.com/fuel-a-plant/products/gnf2-advantage.html
  Redirect 301 /products_and_services/products/nuclear_fuel_cycle/GNF2_Advantage_BWR_Fuel_Assembly.jsp  https://nuclear.gepower.com/fuel-a-plant/products/gnf2-advantage.html
  Redirect 301 /content/multimedia/_files/downloads/Jet%20Pump%20Assembly%20Inspection.pdf  https://nuclear.gepower.com/service-and-optimize/outage-services/all-outage-services.html
  Redirect 301 /content/multimedia/_files/downloads/Reactor%20Pressure%20Vessel-ID%20Inspection.pdf https://nuclear.gepower.com/service-and-optimize/outage-services/all-outage-services.html
  Redirect 301 /content/multimedia/_files/downloads/Telescoping%20Shroud%20Scanner.pdf  https://nuclear.gepower.com/service-and-optimize/outage-services/all-outage-services.html
  Redirect 301 /products_and_services/services/nuclear_energy_services/nuclear_outage_management_services.jsp https://nuclear.gepower.com/service-and-optimize/outage-services/all-outage-services.html
  Redirect 301 /products_and_services/products/radiation_measurement/radiation_measurement_nuclear_reactor_instrumentation.jsp  https://nuclear.gepower.com/service-and-optimize/solutions/all-solutions.html
  Redirect 301 /products_and_services/services/nuclear_energy_services/?$ https://nuclear.gepower.com/service-and-optimize/solutions/all-solutions.html
  Redirect 301 /products_and_services/services/nuclear_energy_services/index.jsp  https://nuclear.gepower.com/service-and-optimize/solutions/all-solutions.html
  Redirect 301 /products_and_services/services/nuclear_energy_services/nuclear_reactor_services.jsp https://nuclear.gepower.com/service-and-optimize/solutions/all-solutions.html
  Redirect 301 /products_and_services/services/nuclear_energy_services/nuclear_services_asset_management.jsp  https://nuclear.gepower.com/service-and-optimize/solutions/all-solutions/long-term-asset-management.html
  Redirect 301 /content/multimedia/_files/downloads/Consolidated_nuclear%20srvc%20valves%20broch_0512.pdf https://nuclear.gepower.com/service-and-optimize/solutions/all-solutions/mechanical-and-motors-parts.html
  Redirect 301 /products_and_services/products/valves_control_and_safety/consolidated_3700_nuclear_valve.jsp  https://nuclear.gepower.com/service-and-optimize/solutions/all-solutions/mechanical-and-motors-parts.html
  Redirect 301 /products_and_services/products/valves_control_and_safety/consolidated_type_1541_3_1543_3_nuclear_valves.jsp https://nuclear.gepower.com/service-and-optimize/solutions/all-solutions/mechanical-and-motors-parts.html
  Redirect 301 /products_and_services/products/valves_control_and_safety/consolidated_type_31533VX_1525VX_nuclear_valves.jsp  https://nuclear.gepower.com/service-and-optimize/solutions/all-solutions/mechanical-and-motors-parts.html
  Redirect 301 /products_and_services/products/valves_control_and_safety/consolidated_type_31700_nuclear_valve.jsp  https://nuclear.gepower.com/service-and-optimize/solutions/all-solutions/mechanical-and-motors-parts.html
  Redirect 301 /products_and_services/services/nuclear_energy_services/Nuclear_Services_Asset_Management_Control_Services.jsp https://nuclear.gepower.com/service-and-optimize/solutions/all-solutions/numac.html
  Redirect 301 /products_and_services/services/nuclear_energy_services/nuclear_services_renewal_parts.jsp https://nuclear.gepower.com/service-and-optimize/solutions/all-solutions/parts.html
  Redirect 301 /products_and_services/services/nuclear_energy_services/nuclear_services_performance_services.jsp  https://nuclear.gepower.com/service-and-optimize/solutions/all-solutions/plant-performance.html
  Redirect 301 /contact.jsp?ref=Gasification&breadcrumb=Products+&+Services+/+Gasification+=  https://powergen.gepower.com/
  Redirect 301 /content/multimedia/_files/downloads/Integrated%20Gasification%20Combined%20Cycle%20(IGCC)%20Power%20Plant.pdf https://powergen.gepower.com/
  Redirect 301 /products_and_services/industries/power_generation.jsp https://powergen.gepower.com/
  Redirect 301 /products_and_services/products/gasification/gasification_make_the_most_of_your_low_cost_carbon_feedstocks.jsp https://powergen.gepower.com/
  Redirect 301 /solutions/industries/power_generation.jsp https://powergen.gepower.com/
  Redirect 301 /solutions/refinery_gasification.jsp https://powergen.gepower.com/
  Redirect 301 /products_and_services/services/power_generation_services/?$ https://powergen.gepower.com/index.html
  Redirect 301 /products_and_services/services/power_plant_operation_and_maintenance_services/?$  https://powergen.gepower.com/index.html
  Redirect 301 /solutions/power_generation.jsp  https://powergen.gepower.com/index.html
  Redirect 301 /products_and_services/services/power_generation_services/outage_services.jsp  https://powergen.gepower.com/maintain-optimize/services/gas-turbines/outage-services.html
  Redirect 301 /products_and_services/services/gas_turbines_power_generation_services/?$  https://powergen.gepower.com/maintain-optimize/services/gas-turbines/overview.html
  Redirect 301 /products_and_services/services/gas_turbines_power_generation_services/index.jsp https://powergen.gepower.com/maintain-optimize/services/gas-turbines/overview.html
  Redirect 301 /products_and_services/services/power_generation_services/index.jsp  https://powergen.gepower.com/maintain-optimize/services/gas-turbines/overview.html
  Redirect 301 /products_and_services/services/gas_turbines_power_generation_services/dry_low_nox_dln_combustion.jsp  https://powergen.gepower.com/maintain-optimize/services/gas-turbines/performance-upgrades/dln.html
  Redirect 301 /products_and_services/services/gas_turbines_power_generation_services/compressor_blade_kit.jsp  https://powergen.gepower.com/maintain-optimize/services/gas-turbines/performance-upgrades/enhanced-compressor.html
  Redirect 301 /products_and_services/services/gas_turbines_power_generation_services/opflex_advantage.jsp  https://powergen.gepower.com/maintain-optimize/services/gas-turbines/performance-upgrades/opflex-start-up-agility.html
  Redirect 301 /products_and_services/services/gas_turbines_power_generation_services/rotors.jsp  https://powergen.gepower.com/maintain-optimize/services/gas-turbines/performance-upgrades/rotor-life-extension.html
  Redirect 301 /products_and_services/services/power_generation_services/repairs.jsp  https://powergen.gepower.com/maintain-optimize/services/gas-turbines/repairs.html
  Redirect 301 /products_and_services/services/power_generation_services/total_plant_optimization_my_fleet.jsp  https://powergen.gepower.com/maintain-optimize/services/gas-turbines/software-analytics.html
  Redirect 301 /products_and_services/products/controls_plant_and_turbine_generators/marktm_vie_control_platform.jsp  https://powergen.gepower.com/maintain-optimize/services/gas-turbines/software-analytics/controls.html
  Redirect 301 /products_and_services/services/power_generation_services/total_plant_optimization_total_plant_evaluation_and_optimization_roadmap.jsp https://powergen.gepower.com/maintain-optimize/services/gas-turbines/software-analytics/plant-evaluation-and-optimization.html
  Redirect 301 /products_and_services/services/generator_services/generator_repair_solutions.jsp  https://powergen.gepower.com/maintain-optimize/services/generators/life-extension/generator-repairs.html
  Redirect 301 /products_and_services/services/generator_services/generator_field_and_stator_rewind_solutions.jsp https://powergen.gepower.com/maintain-optimize/services/generators/life-extension/rewinds.html
  Redirect 301 /products_and_services/products/generators/generator_monitoring_products.jsp https://powergen.gepower.com/maintain-optimize/services/generators/monitoring-controls/generator-advanced-monitoring-solutions.html
  Redirect 301 /products_and_services/products/controls_plant_and_turbine_generators/EX2100e_generator_excitation_control.jsp https://powergen.gepower.com/maintain-optimize/services/generators/monitoring-controls/generator-controls-and-excitation-solutions.html

  Redirect 301 /products_and_services/services/generator_services/?$  https://powergen.gepower.com/maintain-optimize/services/generators/overview.html
  Redirect 301 /products_and_services/services/generator_services/generator_multi_vendor_services.jsp https://powergen.gepower.com/maintain-optimize/services/generators/overview.html
  Redirect 301 /products_and_services/services/generator_services/generator_capacity_uprate_solutions.jsp https://powergen.gepower.com/maintain-optimize/services/generators/uprates-conversions.html
  Redirect 301 /products_and_services/services/generator_services/generator_to_synchronous_condenser_conversion.jsp https://powergen.gepower.com/maintain-optimize/services/generators/uprates-conversions/generator-to-synchronous-condenser-conversion.html
  Redirect 301 /products_and_services/services/steam_turbines_power_generation_services/steam_turbine_on_site_repairs.jsp https://powergen.gepower.com/maintain-optimize/services/steam-turbines/field-services.html
  Redirect 301 /products_and_services/services/power_generation_services/commission_performance_testing.jsp https://powergen.gepower.com/maintain-optimize/services/steam-turbines/field-services/thermal-performance-testing.html
  Redirect 301 /products_and_services/services/steam_turbines_power_generation_services/steam_turbine_outage_solutions.jsp  https://powergen.gepower.com/maintain-optimize/services/steam-turbines/outage-services.html
  Redirect 301 /products_and_services/services/steam_turbines_power_generation_services/steam_turbine_outage_major.jsp  https://powergen.gepower.com/maintain-optimize/services/steam-turbines/outage-services/steam-path-audit.html
  Redirect 301 /products_and_services/services/steam_turbines_power_generation_services/?$  https://powergen.gepower.com/maintain-optimize/services/steam-turbines/overview.html
  Redirect 301 /products_and_services/services/steam_turbines_power_generation_services/high_intermediate_pressure_upgrades.jsp https://powergen.gepower.com/maintain-optimize/services/steam-turbines/performance-upgrades.html
  Redirect 301 /products_and_services/services/steam_turbines_power_generation_services/pgs_densepack.jsp https://powergen.gepower.com/maintain-optimize/services/steam-turbines/performance-upgrades/dense-pack.html
  Redirect 301 /products_and_services/services/steam_turbines_power_generation_services/low_pressure_lp_upgrades.jsp  https://powergen.gepower.com/maintain-optimize/services/steam-turbines/performance-upgrades/low-pressure.html
  Redirect 301 /products_and_services/services/steam_turbines_power_generation_services/steam_turbine_part_replacement.jsp  https://powergen.gepower.com/maintain-optimize/services/steam-turbines/replacement-parts.html
  Redirect 301 /tools_and_training/tools/my_power_and_water_store.jsp https://powergen.gepower.com/maintain-optimize/tools-resources/parts-store.html
  Redirect 301 /tools_and_training/tools/controls_connect.jsp https://powergen.gepower.com/maintain-optimize/tools-resources/power-generation-applications.html
  Redirect 301 /tools_and_training/tools/design_guides_and_handbooks.jsp  https://powergen.gepower.com/maintain-optimize/tools-resources/power-generation-applications.html
  Redirect 301 /tools_and_training/tools/technical_manuals_gas_and_steam_turbine_generator_units.jsp  https://powergen.gepower.com/maintain-optimize/tools-resources/power-generation-applications.html
  Redirect 301 /products_and_services/products/gas_turbines_heavy_duty/6b_heavy_duty_gas_turbine.jsp  https://powergen.gepower.com/plan-build/products/gas-turbines/6b-03-gas-turbine.html
  Redirect 301 /products_and_services/products/gas_turbines_heavy_duty/6fa_heavy_duty_gas_turbine.jsp https://powergen.gepower.com/plan-build/products/gas-turbines/6f-03-gas-turbine.html
  Redirect 301 /products_and_services/products/gas_turbines_heavy_duty/7ea_heavy_duty_gas_turbine.jsp https://powergen.gepower.com/plan-build/products/gas-turbines/7e-03-gas-turbine.html
  Redirect 301 /products_and_services/products/gas_turbines_heavy_duty/7f_04_gas_turbine.jsp  https://powergen.gepower.com/plan-build/products/gas-turbines/7f-04-gas-turbine.html
  Redirect 301 /products_and_services/products/gas_turbines_heavy_duty/7fa_heavy_duty_gas_turbine.jsp https://powergen.gepower.com/plan-build/products/gas-turbines/7f-05-gas-turbine.html
  Redirect 301 /products_and_services/products/gas_turbines_heavy_duty/9e_heavy_duty_gas_turbine.jsp  https://powergen.gepower.com/plan-build/products/gas-turbines/9e-03-gas-turbine.html
  Redirect 301 /products_and_services/products/gas_turbines_heavy_duty/9FA_heavy_duty_gas_turbine.jsp https://powergen.gepower.com/plan-build/products/gas-turbines/9f-03-gas-turbine.html
  Redirect 301 /products_and_services/products/gas_turbines_heavy_duty/9fb_heavy_duty_gas_turbine.jsp https://powergen.gepower.com/plan-build/products/gas-turbines/9f-05-gas-turbine.html
  Redirect 301 /products_and_services/products/gas_turbines_heavy_duty/?$ https://powergen.gepower.com/plan-build/products/gas-turbines/index.html
  Redirect 301 /products_and_services/products/gas_turbines_heavy_duty/index.jsp  https://powergen.gepower.com/plan-build/products/gas-turbines/index.html
  Redirect 301 /products_and_services/products/gasification/syngas_turbine.jsp  https://powergen.gepower.com/plan-build/products/gas-turbines/index.html
  Redirect 301 /products_and_services/products/generators/air_cooled_generators.jsp https://powergen.gepower.com/plan-build/products/generators/air-cooled-generators.html
  Redirect 301 /products_and_services/products/generators/hydrogen_cooled_generator.jsp https://powergen.gepower.com/plan-build/products/generators/hydrogen-cooled.html
  Redirect 301 /products_and_services/products/generators/?$  https://powergen.gepower.com/plan-build/products/generators/index.html
  Redirect 301 /products_and_services/products/generators/index.jsp https://powergen.gepower.com/plan-build/products/generators/index.html
  Redirect 301 /products_and_services/products/generators/liquid_cooled_generators.jsp  https://powergen.gepower.com/plan-build/products/generators/water-cooled-generators.html
  Redirect 301 /products_and_services/products/steam_turbines/a5_a9_series.jsp  https://powergen.gepower.com/plan-build/products/steam-turbines/a450-a650-steam-turbine.html
  Redirect 301 /products_and_services/products/steam_turbines/combined_cycle_a_series.jsp https://powergen.gepower.com/plan-build/products/steam-turbines/a450-a650-steam-turbine.html
  Redirect 301 /products_and_services/products/steam_turbines/combined_cycle_d_series.jsp https://powergen.gepower.com/plan-build/products/steam-turbines/d400-d600-steam-turbine.html
  Redirect 301 /products_and_services/products/steam_turbines/combined_cycle_g_series.jsp https://powergen.gepower.com/plan-build/products/steam-turbines/d400-d600-steam-turbine.html
  Redirect 301 /products_and_services/products/steam_turbines/109D14_steam_turbine.jsp  https://powergen.gepower.com/plan-build/products/steam-turbines/d650-steam-turbine.html
  Redirect 301 /products_and_services/products/steam_turbines/?$  https://powergen.gepower.com/plan-build/products/steam-turbines/index.html
  Redirect 301 /products_and_services/products/steam_turbines/biomass_steam_turbines.jsp  https://powergen.gepower.com/plan-build/products/steam-turbines/index.html
  Redirect 301 /products_and_services/products/steam_turbines/boiler_pumps.jsp  https://powergen.gepower.com/plan-build/products/steam-turbines/index.html
  Redirect 301 /products_and_services/products/steam_turbines/combined_cycle_c_series.jsp https://powergen.gepower.com/plan-build/products/steam-turbines/index.html
  Redirect 301 /products_and_services/products/steam_turbines/combined_cycle_sc_series.jsp  https://powergen.gepower.com/plan-build/products/steam-turbines/index.html
  Redirect 301 /products_and_services/products/steam_turbines/concentrated_solar_power_steam_turbines.jsp https://powergen.gepower.com/plan-build/products/steam-turbines/index.html
  Redirect 301 /products_and_services/products/steam_turbines/fossil_a_series.jsp https://powergen.gepower.com/plan-build/products/steam-turbines/index.html


  Redirect 301 /products_and_services/products/steam_turbines/fossil_d_series.jsp https://powergen.gepower.com/plan-build/products/steam-turbines/index.html
  Redirect 301 /products_and_services/products/steam_turbines/fossil_g_series.jsp https://powergen.gepower.com/plan-build/products/steam-turbines/index.html
  Redirect 301 /products_and_services/products/steam_turbines/index.jsp https://powergen.gepower.com/plan-build/products/steam-turbines/index.html
  Redirect 301 /products_and_services/products/steam_turbines/industrial_steam_turbines.jsp https://powergen.gepower.com/plan-build/products/steam-turbines/index.html
  Redirect 301 /products_and_services/products/steam_turbines/iwpp_steam_turbine.jsp  https://powergen.gepower.com/plan-build/products/steam-turbines/index.html
  Redirect 301 /products_and_services/products/steam_turbines/nuclear_n_series.jsp  https://powergen.gepower.com/plan-build/products/steam-turbines/index.html
  Redirect 301 /products_and_services/products/steam_turbines/sc_sac_series.jsp https://powergen.gepower.com/plan-build/products/steam-turbines/index.html
  Redirect 301 /products_and_services/products/steam_turbines/sdf_series.jsp  https://powergen.gepower.com/plan-build/products/steam-turbines/index.html
  Redirect 301 /products_and_services/products/steam_turbines/snc_sanc_series.jsp https://powergen.gepower.com/plan-build/products/steam-turbines/index.html
  Redirect 301 /products_and_services/services/power_generation_services/installation_field_services.jsp  https://powergen.gepower.com/plan-build/services/installation-services.html
  Redirect 301 /products_and_services/services/power_generation_services/technical_advisory_services.jsp  https://powergen.gepower.com/plan-build/services/installation-services.html
  Redirect 301 /solutions/total_plant_optimization.jsp  https://powergen.gepower.com/plan-build/tools-resources/power-generation-basics/combined-cycle-power-plants.html
  Redirect 301 /tools_and_training/tools/project_net_customer_communication_center.jsp  https://powergen.gepower.com/plan-build/tools-resources/project-collaboration.html


  Redirect 301 /products_and_services/services/gas_turbines_power_generation_services/dual_fuel_conversion.jsp  https://powergen.gepower.com/service-optimize/services/gas-turbines/overview.html
  Redirect 301 /products_and_services/services/gas_turbines_power_generation_services/firing_temperature_uprate.jsp https://powergen.gepower.com/service-optimize/services/gas-turbines/overview.html

  Redirect 301 /products_and_services/services/gas_turbines_power_generation_services/stage_three_buckets_and_nozzles.jsp https://powergen.gepower.com/service-optimize/services/gas-turbines/overview.html
  Redirect 301 /products_and_services/services/steam_turbines_power_generation_services/index.jsp https://powergen.gepower.com/service-optimize/services/gas-turbines/overview.html
  Redirect 301 /products_and_services/services/power_generation_services/gas_turbine_combustion_system_tuning.jsp https://powergen.gepower.com/service-optimize/services/gas-turbines/performance-upgrades/dln.html
  Redirect 301 /products_and_services/services/gas_turbines_power_generation_services/opflex_balance.jsp  https://powergen.gepower.com/service-optimize/services/gas-turbines/performance-upgrades/opflex-start-up-agility.html
  Redirect 301 /products_and_services/products/gas_turbines_heavy_duty/flexefficiency_50_combined_cycle_power_plant.jsp https://powergen.gepower.com/service-optimize/services/gas-turbines/performance-upgrades/power-flexefficiency.html
  Redirect 301 /parts/partsedge.html  https://powergen.gepower.com/service-optimize/services/gas-turbines/replacement-parts.html
  Redirect 301 /tools_and_training/tools/ge_partsedge_store.jsp https://powergen.gepower.com/service-optimize/services/gas-turbines/replacement-parts.html


  Redirect 301 /products_and_services/services/power_plant_operation_and_maintenance_services/pgs_om_expertise.jsp  https://powergen.gepower.com/service-optimize/services/gas-turbines/software-analytics/plant-evaluation-and-optimization.html
  Redirect 301 /tools_and_training/tools/ewarranty_for_thermal_claims.jsp https://powergen.gepower.com/service-optimize/tools-resources/power-generation-applications.html
  Redirect 301 /tools_and_training/tools/gas_turbine_performance_estimator.jsp  https://powergen.gepower.com/service-optimize/tools-resources/power-generation-applications.html
  Redirect 301 /tools_and_training/tools/outage_optimizer_for_gas_and_steam_generators.jsp  https://powergen.gepower.com/service-optimize/tools-resources/power-generation-applications.html
  Redirect 301 /tools_and_training/tools/renewable_energy_connect.jsp https://renewables.gepower.com
  Redirect 301 /content/multimedia/_files/downloads/GEA18760C_Wind_Pocket_Broch_9x12_r3.pdf https://renewables.gepower.com/content/dam/gepower-renewables/global/en_US/documents/GEA17817DWindServiceSolutions.pdf


  Redirect 301  /content/multimedia/_files/downloads/GEA18628E%20Wind_1.6-1.7_Brochure_LR.pdf  https://renewables.gepower.com/content/dam/gepower-renewables/global/en_US/documents/GEA18628F\Wind_1.7_Brochure_R6.pdf
  Redirect 301 /content/multimedia/_files/downloads/GEA18755D_Wind_1.85-82.5_Brochure_LR.pdf  https://renewables.gepower.com/content/dam/gepower-renewables/global/en_US/documents/GEA30627A_Wind_1.85-87_Brochure_LR.pdf
  Redirect 301 /content/multimedia/_files/downloads/GEA30627_Wind_1.85-87_Brochure_LR.pdf https://renewables.gepower.com/content/dam/gepower-renewables/global/en_US/documents/GEA30627A_Wind_1.85-87_Brochure_LR.pdf
  Redirect 301 /content/multimedia/_files/downloads/GEA30908_Wind_3.2_103_Brochure_R7LR.pdf https://renewables.gepower.com/content/dam/gepower-renewables/global/en_US/documents/GEA30908A_Wind_3.2-103_Brochure_LR.pdf


  Redirect 301 /content/multimedia/_files/downloads/GEA31073_Wind_2.75-120_Brochure_r4-spg.pdf  https://renewables.gepower.com/content/dam/gepower-renewables/global/en_US/documents/GEA31073A_Wind_2.75-120_Brochure_LR.pdf
  Redirect 301 /content/multimedia/_files/downloads/GEA31219%20Wind_2.3_107_Brochure_LR.pdf https://renewables.gepower.com/content/dam/gepower-renewables/global/en_US/documents/GEA31219%20Wind_2.3-107_Brochure_LR.pdf
  Redirect 301 /contact.jsp?ref=Wind%20Energy%20Storage&breadcrumb=Products+&+Services+/+Wind+Turbines+/+Wind+Energy+Storage+=  https://renewables.gepower.com/energy-storage.html

  Redirect 301 /wind/battery https://renewables.gepower.com/energy-storage.html
  Redirect 301 /products_and_services/products/solar_power/ge_700kw_brilliance_solar_inverter.jsp https://renewables.gepower.com/solar-energy.html
  Redirect 301 /products_and_services/products/solar_power/ge_mw_brilliance_solar_inverter.jsp  https://renewables.gepower.com/solar-energy.html
  Redirect 301 /products_and_services/products/solar_power/sun_iq.jsp https://renewables.gepower.com/solar-energy.html
  Redirect 301 /products_and_services/products/solar_power/index.jsp  https://renewables.gepower.com/solar-energy/overview/solar-101.html
  Redirect 301 /contact.jsp?ref=3.2-103%20Wind%20Turbine&breadcrumb=Products+&+Services+/+Wind+Turbines+/+3.2-103+Wind+Turbine+=  https://renewables.gepower.com/wind-energy.html
  Redirect 301 /content/multimedia/_files/downloads/GE%20Offshore%20Wind%204.1-113.pdf  https://renewables.gepower.com/wind-energy.html
  Redirect 301 /content/multimedia/_files/downloads/GEA17007A-Wind25Brochure.pdf  https://renewables.gepower.com/wind-energy.html


  Redirect 301 /content/multimedia/_files/downloads/GEA18112B_1.6-82.5%20Wind%20Turbine_r1.pdf  https://renewables.gepower.com/wind-energy.html
  Redirect 301 /content/multimedia/_files/downloads/GEA18274B_Wind_Onshore_.pdf https://renewables.gepower.com/wind-energy.html
  Redirect 301 /content/multimedia/_files/downloads/GEA18755B_Wind_1.6-82.5_Broch[sp]_LR.pdf  https://renewables.gepower.com/wind-energy.html
  Redirect 301 /content/multimedia/_files/downloads/GEA18761_Wind_Eco_Brochure_LR.pdf https://renewables.gepower.com/wind-energy.html
  Redirect 301 /content/multimedia/_files/downloads/GEA18768D%20Wind_1%205-77_brochure.pdf  https://renewables.gepower.com/wind-energy.html
  Redirect 301 /content/multimedia/_files/downloads/GEA30475_Wind_2_85_Brochure_LR.pdf  https://renewables.gepower.com/wind-energy.html
  Redirect 301 /content/multimedia/_files/downloads/GEA30475_Wind_2.85_Brochure_LR.pdf  https://renewables.gepower.com/wind-energy.html
  Redirect 301 /content/multimedia/_files/downloads/GEA31063_Wind_2.85_103_Brochure_R4.pdf  https://renewables.gepower.com/wind-energy.html

  Redirect 301 /content/multimedia/_files/downloads/wind_energy_basics.pdf  https://renewables.gepower.com/wind-energy.html
  Redirect 301 /products_and_services/services/wind_services/?$ https://renewables.gepower.com/wind-energy/services.html
  Redirect 301 /products_and_services/services/wind_services/index.jsp  https://renewables.gepower.com/wind-energy/services.html
  Redirect 301 /products_and_services/services/wind_services/windlayout.jsp https://renewables.gepower.com/wind-energy/services.html
  Redirect 301 /products_and_services/services/wind_services/powerup.jsp  https://renewables.gepower.com/wind-energy/services/platform-upgrades.html
  Redirect 301 /products_and_services/services/wind_services/windboost.jsp  https://renewables.gepower.com/wind-energy/services/platform-upgrades.html
  Redirect 301 /products_and_services/services/wind_services/windscada.jsp  https://renewables.gepower.com/wind-energy/services/platform-upgrades.html
  Redirect 301 /products_and_services/services/wind_services/contractual_parts_agreements.jsp https://renewables.gepower.com/wind-energy/services/wind-turbine-maintenance.html


  Redirect 301 /products_and_services/services/wind_services/full_service_agreement.jsp https://renewables.gepower.com/wind-energy/services/wind-turbine-maintenance.html
  Redirect 301 /products_and_services/services/wind_services/maintenance_and_remote_operations_package.jsp  https://renewables.gepower.com/wind-energy/services/wind-turbine-maintenance.html
  Redirect 301 /products_and_services/services/wind_services/operational_service_agreement.jsp  https://renewables.gepower.com/wind-energy/services/wind-turbine-maintenance.html
  Redirect 301 /products_and_services/products/wind_turbines/wind_energy_storage.jsp  https://renewables.gepower.com/wind-energy/technology/integrated-storage.html
  Redirect 301 /products_and_services/products/wind_turbines/space_frame.jsp  https://renewables.gepower.com/wind-energy/technology/space-frame-tower.html
  Redirect 301 /products_and_services/services/wind_services/turbinecontrol.jsp https://renewables.gepower.com/wind-energy/technology/wind-plant-wake-management.html
  Redirect 301 /contact.jsp?ref=2.5%20-%20120%20Wind%20Turbine&breadcrumb=Products+&+Services+/+Wind+Turbines+/+2.5+-+120+Wind+Turbine+=  https://renewables.gepower.com/wind-energy/turbines.html
  Redirect 301 /contact.jsp?ref=2.75%20-%20120%20Wind%20Turbine&breadcrumb=Products+&+Services+/+Wind+Turbines+/+2.75+-+120+Wind+Turbine+=  https://renewables.gepower.com/wind-energy/turbines.html
  Redirect 301 /contact.jsp?ref=GE&#39;s%202.75%20-%20120%20Wind%20Turbine=&breadcrumb=Products+&+Services+/+Wind+Turbines+/+GE's+2.75+-+120+Wind+Turbine+= https://renewables.gepower.com/wind-energy/turbines.html
  Redirect 301 /contact.jsp?ref=Wind%20Services&breadcrumb=Products+&+Services+/+Wind+Services+=  https://renewables.gepower.com/wind-energy/turbines.html
  Redirect 301 /products_and_services/products/wind_turbines/?$ https://renewables.gepower.com/wind-energy/turbines.html
  Redirect 301 /products_and_services/products/wind_turbines/2.85_100_and_2.85_103_wind_turbines.jsp  https://renewables.gepower.com/wind-energy/turbines.html
  Redirect 301 /products_and_services/products/wind_turbines/fourone_113.jsp  https://renewables.gepower.com/wind-energy/turbines.html
  Redirect 301 /products_and_services/products/wind_turbines/ge_1.5_77_wind_turbine.jsp https://renewables.gepower.com/wind-energy/turbines.html
  Redirect 301 /products_and_services/products/wind_turbines/ge_1.6_82.5_wind_turbine.jsp https://renewables.gepower.com/wind-energy/turbines.html
  Redirect 301 /products_and_services/products/wind_turbines/ge_2.5_100_wind_turbine.jsp  https://renewables.gepower.com/wind-energy/turbines.html
  Redirect 301 /products_and_services/products/wind_turbines/ge_2.85_100_2.85_103_wind_turbines.jsp https://renewables.gepower.com/wind-energy/turbines.html
  Redirect 301 /products_and_services/products/wind_turbines/ge_2.85_103_wind_turbines.jsp  https://renewables.gepower.com/wind-energy/turbines.html
  Redirect 301 /products_and_services/products/wind_turbines/ges_2.5_120_wind_turbine.jsp https://renewables.gepower.com/wind-energy/turbines.html
  Redirect 301 /products_and_services/products/wind_turbines/index.jsp  https://renewables.gepower.com/wind-energy/turbines.html
  Redirect 301 /wind  https://renewables.gepower.com/wind-energy/turbines.html
  Redirect 301 /products_and_services/products/wind_turbines/ge_1.6_100_1.7_100_wind_turbine.jsp  https://renewables.gepower.com/wind-energy/turbines/1-7-100-103.html



  Redirect 301 /products_and_services/products/wind_turbines/ge_1.85_82.5_wind_turbine.jsp  https://renewables.gepower.com/wind-energy/turbines/185-825.html
  Redirect 301 /products_and_services/products/wind_turbines/ge_1.85_87_wind_turbine.jsp  https://renewables.gepower.com/wind-energy/turbines/185-87.html
  Redirect 301 /products_and_services/products/wind_turbines/ge_2.3_107_wind_turbine.jsp  https://renewables.gepower.com/wind-energy/turbines/23-107.html
  Redirect 301 /products_and_services/products/wind_turbines/ge_2.75_120_wind_turbine.jsp https://renewables.gepower.com/wind-energy/turbines/275-120.html
  Redirect 301 /products_and_services/products/wind_turbines/ge_3.2_103_wind_turbine.jsp  https://renewables.gepower.com/wind-energy/turbines/32-103.html
  Redirect 301 /tools_and_training/tools/jenbacher_sales_and_service_providers.jsp  https://www.ge-distributedpower.com/about/locations-distributors/global-sales-service-providers
  Redirect 301 /products_and_services/services/gas_engines_power_generation_services/contractual_service_agreements.jsp https://www.ge-distributedpower.com/component/content/article/77-en/services/lifetime-service-plus/93-gas-engines-contractual-service-agreements
  Redirect 301 /solutions/case_studies/ges_jenbacher_gas_engines_turn_waste_to_energy.jsp https://www.ge-distributedpower.com/customer-stories
  Redirect 301 /solutions/gas_turbines_flexible_fuel_solutions.jsp  https://www.ge-distributedpower.com/products
  Redirect 301 /tools_and_training/tools/aeroderivative_gas_turbine_configurator.jsp  https://www.ge-distributedpower.com/products
  Redirect 301 /products_and_services/products/gas_engines_gas_compression/?$ https://www.ge-distributedpower.com/products/gas-compression-mechanical-drive
  Redirect 301 /products_and_services/products/gas_engines_power_generation/?$  https://www.ge-distributedpower.com/products/power-generation
  Redirect 301 /products_and_services/products/gas_turbines_aeroderivative  https://www.ge-distributedpower.com/products/power-generation
  Redirect 301 /products_and_services/products/gas_turbines_aeroderivative/?$ https://www.ge-distributedpower.com/products/power-generation
  Redirect 301 /products_and_services/services/gas_turbine_services_aeroderivative/aero_balance_of_plant.jsp  https://www.ge-distributedpower.com/products/power-generation
  Redirect 301 /products_and_services/products/gas_engines_power_generation/gas_engines_jenbacher_type_3.jsp  https://www.ge-distributedpower.com/products/power-generation/jenbacher-type-3-633-1063kw
  Redirect 301 /products_and_services/services/gas_turbine_services_aeroderivative/repower.jsp  https://www.ge-distributedpower.com/products/power-generation/lm1800e
  Redirect 301 /products_and_services/products/gas_engines_power_generation/gas_engines_jenbacher_type_2.jsp  https://www.ge-distributedpower.com/products/power-generation/up-to-5mw/jenbacher-type-2
  Redirect 301 /content/multimedia/_files/downloads/GEA18090B%20AEROC.pdf https://www.ge-distributedpower.com/services/lifetime-service-plus
  Redirect 301 /products_and_services/services/gas_engines_power_generation_services/gas_engines_overhaul.jsp https://www.ge-distributedpower.com/services/lifetime-service-plus
  Redirect 301 /products_and_services/services/gas_engines_power_generation_services/spare_parts.jsp  https://www.ge-distributedpower.com/services/lifetime-service-plus
  Redirect 301 /products_and_services/services/gas_turbine_services_aeroderivative/?$ https://www.ge-distributedpower.com/services/lifetime-service-plus
  Redirect 301 /products_and_services/services/gas_turbine_services_aeroderivative/aero_contractual_service_agreements.jsp  https://www.ge-distributedpower.com/services/lifetime-service-plus
  Redirect 301 /products_and_services/services/gas_turbine_services_aeroderivative/aeroderivative_field_services.jsp  https://www.ge-distributedpower.com/services/lifetime-service-plus


  Redirect 301 /products_and_services/services/gas_turbine_services_aeroderivative/aeroservicecenters.jsp https://www.ge-distributedpower.com/services/lifetime-service-plus
  Redirect 301 /products_and_services/services/gas_turbine_services_aeroderivative/asset_management.jsp https://www.ge-distributedpower.com/services/lifetime-service-plus
  Redirect 301 /tools_and_training/training/ge_energy_learning_center_energy_technical_training.jsp https://www.ge-distributedpower.com/services/lifetime-service-plus
  Redirect 301 /products_and_services/services/gas_turbine_services_aeroderivative/global_parts.jsp https://www.ge-distributedpower.com/services/online-tools?slide=1
  Redirect 301 /tools_and_training/tools/aeroderivative_spare_parts_center.jsp  https://www.ge-distributedpower.com/services/online-tools/aero-spare-parts-center
  Redirect 301 /products_and_services/services/gas_turbine_services_aeroderivative/performancesolutions.jsp https://www.ge-distributedpower.com/services/online-tools/aeroderivative-monitoring-diagnostics
  Redirect 301 /products_and_services/services/gas_turbine_services_aeroderivative/remotemonitoringanddiagnostics.jsp https://www.ge-distributedpower.com/services/online-tools/aeroderivative-monitoring-diagnostics
  Redirect 301 /tools_and_training/tools/aeroderivative_monitoring_and_diagnostics.jsp  https://www.ge-distributedpower.com/services/online-tools/aeroderivative-monitoring-diagnostics
  Redirect 301 /products_and_services/services/gas_turbine_services_aeroderivative/technicaltraining.jsp  https://www.ge-distributedpower.com/services/training



  Redirect 301 /aeroservices  https://www.ge-distributedpower.com/solutions-applications/power-generation
  Redirect 301 /solutions/pages/biogas_application.jsp  https://www.ge-distributedpower.com/solutions-applications/power-generation/biogas-sewage-gas
  Redirect 301 /about/oil_and_gas.jsp https://www.geoilandgas.com/
  Redirect 301 /about/oil_and_gas.jsp https://www.geoilandgas.com/
  Redirect 301 /content/multimedia/_files/downloads/7290%20Jandakot20Centre20Flyer.pdf  https://www.geoilandgas.com/
  Redirect 301 /content/multimedia/_files/downloads/729020Jandakot20Centre20Flyer.pdf  https://www.geoilandgas.com/
  Redirect 301 /products_and_services/industries/oil_and_gas_midstream.jsp  https://www.geoilandgas.com/
  Redirect 301 /products_and_services/industries/oil_and_gas_midstream.jsp  https://www.geoilandgas.com/
  Redirect 301 /products_and_services/industries/oil_and_gas_upstream.jsp https://www.geoilandgas.com/
  Redirect 301 /products_and_services/industries/oil_and_gas_upstream.jsp https://www.geoilandgas.com/
  Redirect 301 /products_and_services/products/chemical_injection_pumps/?$  https://www.geoilandgas.com/
  Redirect 301 /products_and_services/products/chemical_injection_pumps/?$  https://www.geoilandgas.com/
  Redirect 301 /products_and_services/products/chemical_injection_pumps/index.jsp https://www.geoilandgas.com/
  Redirect 301 /products_and_services/products/chemical_injection_pumps/index.jsp https://www.geoilandgas.com/
  Redirect 301 /products_and_services/products/chemical_injection_pumps/texsteam_electric_driven_injection_pump.jsp https://www.geoilandgas.com/
  Redirect 301 /products_and_services/products/chemical_injection_pumps/texsteam_electric_driven_injection_pump.jsp https://www.geoilandgas.com/
  Redirect 301 /products_and_services/products/compressors/horizontally_split.jsp https://www.geoilandgas.com/
  Redirect 301 /products_and_services/products/compressors/horizontally_split.jsp https://www.geoilandgas.com/
  Redirect 301 /products_and_services/products/compressors/roots_turbo_blower_compressor.jsp  https://www.geoilandgas.com/
  Redirect 301 /products_and_services/products/compressors/roots_turbo_blower_compressor.jsp  https://www.geoilandgas.com/
  Redirect 301 /products_and_services/products/control_solutions_plant_and_turbomachinery/mark_vie_control_platform.jsp https://www.geoilandgas.com/
  Redirect 301 /products_and_services/products/control_solutions_plant_and_turbomachinery/mark_vie_control_platform.jsp https://www.geoilandgas.com/
  Redirect 301 /products_and_services/products/gasification/integrated_gasification_combined_cycle.jsp  https://www.geoilandgas.com/
  Redirect 301 /salof.jsp https://www.geoilandgas.com/


  Redirect 301 /solutions/gas_to_liquids.jsp  https://www.geoilandgas.com/
  Redirect 301 /solutions/industries/oil_and_gas_upstream.jsp https://www.geoilandgas.com/
  Redirect 301 /solutions/power_plant_controls.jsp  https://www.geoilandgas.com/
  Redirect 301 /tools_and_training/tools/oil_and_gas_etimecards.jsp https://www.geoilandgas.com/
  Redirect 301 /insights/industry_insights/the_age_of_gas.jsp https://www.geoilandgas.com/distributed-gas
  Redirect 301 /products_and_services/products/compressors/high_speed_reciprocating_compressor.jsp  https://www.geoilandgas.com/distributed-gas/processing
  Redirect 301 /products_and_services/services/oil_and_gas_services/micro_lng_integrated_plant.jsp  https://www.geoilandgas.com/distributed-gas/processing/small-scale-lng-liquefaction-plant
  Redirect 301 /products_and_services/products/capital_drilling_equipment/?$  https://www.geoilandgas.com/drilling
  Redirect 301 /products_and_services/products/capital_drilling_equipment/hpc_compact_ram_bop.jsp https://www.geoilandgas.com/drilling
  Redirect 301 /products_and_services/products/capital_drilling_equipment/index.jsp https://www.geoilandgas.com/drilling
  Redirect 301 /tools_and_training/training/drilling_measurements_training_program.jsp  https://www.geoilandgas.com/drilling
  Redirect 301 /products_and_services/products/wireline_systems/?$  https://www.geoilandgas.com/drilling/downhole-tools
  Redirect 301 /products_and_services/products/wireline_systems/index.jsp https://www.geoilandgas.com/drilling/downhole-tools
  Redirect 301 /products_and_services/products/wireline_systems/index.jsp?region=us https://www.geoilandgas.com/drilling/downhole-tools
  Redirect 301 /products_and_services/products/wireline_systems/multifinger_imaging_tool.jsp  https://www.geoilandgas.com/drilling/downhole-tools
  Redirect 301 /products_and_services/products/drilling_measurements/index.jsp  https://www.geoilandgas.com/drilling/drilling-controls
  Redirect 301 /products_and_services/products/drilling_measurements/mwd_systems.jsp  https://www.geoilandgas.com/drilling/drilling-controls
  Redirect 301 /products_and_services/services/drilling_and_production_services/?$  https://www.geoilandgas.com/drilling/drilling-production/chemical-injection-pumps
  Redirect 301 /solutions/offshore_production_platform.jsp  https://www.geoilandgas.com/drilling/offshore-drilling
  Redirect 301 /solutions/land_drilling_production.jsp  https://www.geoilandgas.com/drilling/onshore-drilling
  Redirect 301 /solutions/lng_receiving_terminal.jsp  https://www.geoilandgas.com/liquefied-natural-gas
  Redirect 301 /products_and_services/products/compressors/integrated_compressor_line.jsp https://www.geoilandgas.com/lng/gas-liquefaction/integrated-compressor-line-icl


  Redirect 301 /products_and_services/products/valves_control_and_safety/masoneilan_svi_ii_ap_performance_digital_positioner.jsp  https://www.geoilandgas.com/oilfield
  Redirect 301 /products_and_services/products/electric_submersible_pumping_systems/?$  https://www.geoilandgas.com/oilfield/artificial-lift
  Redirect 301 /products_and_services/products/electric_submersible_pumping_systems/highefficiencypumps.jsp https://www.geoilandgas.com/oilfield/artificial-lift
  Redirect 301 /products_and_services/products/electric_submersible_pumping_systems/index.jsp https://www.geoilandgas.com/oilfield/artificial-lift
  Redirect 301 /products_and_services/services/artificial_lift_services/?$  https://www.geoilandgas.com/oilfield/artificial-lift
  Redirect 301 /solutions/carbon_capture_sequestration.jsp  https://www.geoilandgas.com/oilfield/carbon-sequestration-co2-enhanced-oil-recovery
  Redirect 301 /products_and_services/products/centrifugal_pumps/?$ https://www.geoilandgas.com/oilfield/gas-processing-and-compression/centrifugal-axial-compressors
  Redirect 301 /products_and_services/products/centrifugal_pumps/index.jsp  https://www.geoilandgas.com/oilfield/gas-processing-and-compression/centrifugal-axial-compressors
  Redirect 301 /products_and_services/products/compressors/roots_oib_centrifugal_compressor.jsp https://www.geoilandgas.com/oilfield/gas-processing-and-compression/centrifugal-axial-compressors
  Redirect 301 /products_and_services/products/air_filtration/index.jsp https://www.geoilandgas.com/oilfield/gas-processing-compression
  Redirect 301 /contact.jsp?ref=Valves%20%u2013%20Control%20&amp;%20Safety%20=&breadcrumb=Products+&+Services+/+Valves++Control+=&+Safety++= https://www.geoilandgas.com/oilfield/power-generation
  Redirect 301 /products_and_services/products/valves_control_and_safety/?$ https://www.geoilandgas.com/oilfield/power-generation
  Redirect 301 /products_and_services/products/valves_control_and_safety/anti_surge.jsp https://www.geoilandgas.com/oilfield/power-generation
  Redirect 301 /products_and_services/products/valves_control_and_safety/becker_valve_regualtor_pilots.jsp  https://www.geoilandgas.com/oilfield/power-generation

  Redirect 301 /products_and_services/products/valves_control_and_safety/consolidated_1700_maxiflow_steam_safety_valve.jsp  https://www.geoilandgas.com/oilfield/power-generation
  Redirect 301 /products_and_services/products/valves_control_and_safety/consolidated_1900_universal_media_safety_relief_valve.jsp  https://www.geoilandgas.com/oilfield/power-generation
  Redirect 301 /products_and_services/products/valves_control_and_safety/flexflo_surge_reliever.jsp https://www.geoilandgas.com/oilfield/power-generation
  Redirect 301 /products_and_services/products/valves_control_and_safety/index.jsp  https://www.geoilandgas.com/oilfield/power-generation
  Redirect 301 /products_and_services/products/valves_control_and_safety/low_noise.jsp  https://www.geoilandgas.com/oilfield/power-generation
  Redirect 301 /products_and_services/products/valves_control_and_safety/masoneilan_21000_series_top_guided_globe_control_valve.jsp https://www.geoilandgas.com/oilfield/power-generation
  Redirect 301 /products_and_services/products/valves_control_and_safety/masoneilan_36005_v_max_high_capacity_control_ball_valve.jsp  https://www.geoilandgas.com/oilfield/power-generation
  Redirect 301 /products_and_services/products/valves_control_and_safety/mooney_flowgrid_regulator.jsp  https://www.geoilandgas.com/oilfield/power-generation
  Redirect 301 /products_and_services/products/valves_control_and_safety/safety_valves.jsp  https://www.geoilandgas.com/oilfield/power-generation
  Redirect 301 /products_and_services/services/power_generation_services/o_m.jsp  https://www.geoilandgas.com/oilfield/power-generation
  Redirect 301 /products_and_services/services/steam_turbines_power_generation_services/boiler_feed_pump_turbine_uprates.jsp  https://www.geoilandgas.com/oilfield/power-generation
  Redirect 301 /valves  https://www.geoilandgas.com/oilfield/power-generation
  Redirect 301 /gasification  https://www.geoilandgas.com/pipeline-storage
  Redirect 301 /products_and_services/products/compressors/pipeline.jsp https://www.geoilandgas.com/pipeline-storage
  Redirect 301 /products_and_services/products/gas_pipeline_solutions/index.jsp https://www.geoilandgas.com/pipeline-storage
  Redirect 301 /products_and_services/products/gasification/?$  https://www.geoilandgas.com/pipeline-storage
  Redirect 301 /products_and_services/products/gasification/index.jsp https://www.geoilandgas.com/pipeline-storage
  Redirect 301 /products_and_services/products/pipeline_solutions/index.jsp https://www.geoilandgas.com/pipeline-storage
  Redirect 301 /solutions/gas_storage_plant.jsp https://www.geoilandgas.com/pipeline-storage
  Redirect 301 /products_and_services/products/compressors/axial.jsp  https://www.geoilandgas.com/pipeline-storage/gas-processing-compression/repairs-spare-parts-field-services-repair-shops-training
  Redirect 301 /products_and_services/services/pipeline_integrity_services/?$ https://www.geoilandgas.com/pipeline-storage/pipeline-integrity-services
  Redirect 301 /products_and_services/services/pipeline_integrity_services/corrosion_metal_loss_characterisation.jsp  https://www.geoilandgas.com/pipeline-storage/pipeline-integrity-services
  Redirect 301 /products_and_services/services/pipeline_integrity_services/hot_tapping_and_line_stopping_services.jsp https://www.geoilandgas.com/pipeline-storage/pipeline-integrity-services
  Redirect 301 /products_and_services/services/pipeline_integrity_services/index.jsp  https://www.geoilandgas.com/pipeline-storage/pipeline-integrity-services
  Redirect 301 /products_and_services/services/pipeline_integrity_services/line_piggability.jsp https://www.geoilandgas.com/pipeline-storage/pipeline-integrity-services
  Redirect 301 /solutions/CNG_in_a_Box.jsp  https://www.geoilandgas.com/pipeline-storage/virtual-pipeline
  Redirect 301 /products_and_services/industries/chemicals_petrochemicals_fertilizers.jsp https://www.geoilandgas.com/refinery-and-petrochemical
  Redirect 301 /products_and_services/industries/oil_and_gas_downstream_refining.jsp  https://www.geoilandgas.com/refinery-and-petrochemical
  Redirect 301 /solutions/refinery_plant.jsp  https://www.geoilandgas.com/refinery-and-petrochemical
  Redirect 301 /products_and_services/products/blowers/?$ https://www.geoilandgas.com/refinery-petrochemical/refinery-petrochemical-fertilizer
  Redirect 301 /products_and_services/products/blowers/index.jsp  https://www.geoilandgas.com/refinery-petrochemical/refinery-petrochemical-fertilizer
  Redirect 301 /products_and_services/products/blowers/roots_blower_packages.jsp  https://www.geoilandgas.com/refinery-petrochemical/refinery-petrochemical-fertilizer
  Redirect 301 /products_and_services/products/blowers/roots_positive_displacement_blowers.jsp  https://www.geoilandgas.com/refinery-petrochemical/refinery-petrochemical-fertilizer
  Redirect 301 /products_and_services/products/compressors/api_618_process_compressor.jsp https://www.geoilandgas.com/refinery-petrochemical/refinery-petrochemical-fertilizer
  Redirect 301 /products_and_services/products/compressors/ldpe_hyper_compressors.jsp https://www.geoilandgas.com/refinery-petrochemical/refinery-petrochemical-fertilizer
  Redirect 301 /products_and_services/products/compressors/api_618_natural_gas_compressor.jsp https://www.geoilandgas.com/refinery-petrochemical/refinery-petrochemical-fertilizer/ldpe-hypercompressors
  Redirect 301 /products_and_services/services/oil_and_gas_services/?$  https://www.geoilandgas.com/service/ge-oil-gas-customer-training-partner-talent-development
  Redirect 301 /products_and_services/services/oil_and_gas_services/index.jsp https://www.geoilandgas.com/service/ge-oil-gas-customer-training-partner-talent-development
  Redirect 301 /tools_and_training/tools/oil_and_gas_ecat_spare_parts_system.jsp  https://www.geoilandgas.com/service/ge-oil-gas-customer-training-partner-talent-development
  Redirect 301 /tools_and_training/training/oil_and_gas_technical_training.jsp  https://www.geoilandgas.com/service/ge-oil-gas-customer-training-partner-talent-development
  Redirect 301 /predictivity.jsp  https://www.geoilandgas.com/solution/industrial-internet
  Redirect 301 /pressure_control.jsp  https://www.geoilandgas.com/subsea-and-offshore

  Redirect 301 /solutions/offshore_drilling_production.jsp  https://www.geoilandgas.com/subsea-and-offshore
  Redirect 301 /products_and_services/products/centrifugal_pumps/bfd_series.jsp https://www.geoilandgas.com/subsea-offshore/offshore-production/ddhf-multistage-centrifugal-pump
  Redirect 301 /products_and_services/products/centrifugal_pumps/ddhm_series.jsp  https://www.geoilandgas.com/subsea-offshore/offshore-production/ddhm-high-pressure-diffuser-barrel-multistage-pump
  Redirect 301 /solutions/gas_turbines_mechanical_drive.jsp https://www.geoilandgas.com/subsea-offshore/offshore-turbomachinery
  Redirect 301 /products_and_services/products/air_cooled_heat_exchangers/?$  https://www.geoilandgas.com/subsea-offshore/offshore-turbomachinery/air-cooled-heat-exchangers
  Redirect 301 /products_and_services/products/air_cooled_heat_exchangers/index.jsp https://www.geoilandgas.com/subsea-offshore/offshore-turbomachinery/air-cooled-heat-exchangers
  Redirect 301 /seasmart.jsp  https://www.geoilandgas.com/subsea-offshore/offshore-turbomachinery/seasmart-offshore-package-power-generation-or-mechanical
  Redirect 301 /products_and_services/products/turboexpanders/?$  https://www.geoilandgas.com/subsea-offshore/offshore-turbomachinery/turboexpander-compressors
  Redirect 301 /products_and_services/products/subsea_controls_and_informatics/?$ https://www.geoilandgas.com/subsea-offshore/subsea-controls-informatics
  Redirect 301 /products_and_services/products/subsea_controls_and_informatics/Flying_Leads.jsp https://www.geoilandgas.com/subsea-offshore/subsea-controls-informatics
  Redirect 301 /products_and_services/products/subsea_controls_and_informatics/Hydraulic_Power_Unit.jsp https://www.geoilandgas.com/subsea-offshore/subsea-controls-informatics
  Redirect 301 /products_and_services/products/subsea_controls_and_informatics/index.jsp  https://www.geoilandgas.com/subsea-offshore/subsea-controls-informatics
  Redirect 301 /products_and_services/products/subsea_controls_and_informatics/Subsea_Distribution_Unit.jsp https://www.geoilandgas.com/subsea-offshore/subsea-controls-informatics
  Redirect 301 /products_and_services/products/subsea_controls_and_informatics/Umbilical_Termination_Assembly.jsp https://www.geoilandgas.com/subsea-offshore/subsea-controls-informatics
  Redirect 301 /products_and_services/products/subsea_trees_manifolds_and_connection_systems/?$ https://www.geoilandgas.com/subsea-offshore/subsea-trees-manifolds-connection-systems
  Redirect 301 /products_and_services/products/subsea_trees_manifolds_and_connection_systems/Cluster_Manifolds.jsp https://www.geoilandgas.com/subsea-offshore/subsea-trees-manifolds-connection-systems
  Redirect 301 /products_and_services/products/subsea_trees_manifolds_and_connection_systems/index.jsp https://www.geoilandgas.com/subsea-offshore/subsea-trees-manifolds-connection-systems
  Redirect 301 /products_and_services/products/subsea_trees_manifolds_and_connection_systems/Jumpers.jsp  https://www.geoilandgas.com/subsea-offshore/subsea-trees-manifolds-connection-systems
  Redirect 301 /products_and_services/products/subsea_trees_manifolds_and_connection_systems/vetcogray_d_series_dhxt.jsp  https://www.geoilandgas.com/subsea-offshore/subsea-trees-manifolds-connection-systems
  Redirect 301 /products_and_services/products/surface_flow_control/modular_frac_manifold.jsp https://www.geoilandgas.com/subsea-offshore/subsea-trees-manifolds-connection-systems
  Redirect 301 /solutions/subsea_production.jsp https://www.geoilandgas.com/subsea-offshore/subsea-trees-manifolds-connection-systems
  Redirect 301 /products_and_services/products/drilling_specialty_connectors_and_pipe/index.jsp https://www.geoilandgas.com/subsea-offshore/subsea-wellheads-specialty-connectors-pipe
  Redirect 301 /products_and_services/products/subsea_wellheads/index.jsp https://www.geoilandgas.com/subsea-offshore/surface-wellheads-flow-control
  Redirect 301 /products_and_services/products/subsea_wellheads/VetcoGray_MS-700.jsp  https://www.geoilandgas.com/subsea-offshore/surface-wellheads-flow-control
  Redirect 301 /products_and_services/products/surface_flow_control/Andco_linear_actuators.jsp  https://www.geoilandgas.com/subsea-offshore/surface-wellheads-flow-control
  Redirect 301 /products_and_services/products/surface_flow_control/index.jsp https://www.geoilandgas.com/subsea-offshore/surface-wellheads-flow-control
  Redirect 301 /products_and_services/products/surface_flow_control/rcs_electric_actuators.jsp  https://www.geoilandgas.com/subsea-offshore/surface-wellheads-flow-control
  Redirect 301 /products_and_services/products/surface_wellhead/index.jsp https://www.geoilandgas.com/subsea-offshore/surface-wellheads-flow-control
  Redirect 301 /products_and_services/products/surface_wellhead/multi_bowl_wellhead_systems.jsp https://www.geoilandgas.com/subsea-offshore/surface-wellheads-flow-control
  Redirect 301 /content/multimedia/_files/downloads/GEOG_Overview_brochure_THEWAYWEWORK.pdf https://www.geoilandgas.com/working-purpose
  Redirect 301 /products_and_services/services/tsc/gedispow.jsp https://www.gepower.com/
  Redirect 301 /about/power_water.jsp https://www.gepower.com/

  #custom redirect end --

  # Pass all requests not referring directly to files in the filesystem to
  # index.php. Clean URLs are handled in drupal_environment_initialize().
  RewriteCond %{REQUEST_FILENAME} !-f
  RewriteCond %{REQUEST_FILENAME} !-d
  RewriteCond %{REQUEST_URI} !=/favicon.ico
  RewriteRule ^ index.php [L]

  # Rules to correctly serve gzip compressed CSS and JS files.
  # Requires both mod_rewrite and mod_headers to be enabled.
  <IfModule mod_headers.c>
    # Serve gzip compressed CSS files if they exist and the client accepts gzip.
    RewriteCond %{HTTP:Accept-encoding} gzip
    RewriteCond %{REQUEST_FILENAME}\.gz -s
    RewriteRule ^(.*)\.css $1\.css\.gz [QSA]

    # Serve gzip compressed JS files if they exist and the client accepts gzip.
    RewriteCond %{HTTP:Accept-encoding} gzip
    RewriteCond %{REQUEST_FILENAME}\.gz -s
    RewriteRule ^(.*)\.js $1\.js\.gz [QSA]

    # Serve correct content types, and prevent mod_deflate double gzip.
    RewriteRule \.css\.gz$ - [T=text/css,E=no-gzip:1]
    RewriteRule \.js\.gz$ - [T=text/javascript,E=no-gzip:1]

    <FilesMatch "(\.js\.gz|\.css\.gz)$">
      # Serve correct encoding type.
      Header set Content-Encoding gzip
      # Force proxies to cache gzipped & non-gzipped css/js files separately.
      Header append Vary Accept-Encoding
    </FilesMatch>
  </IfModule>
</IfModule>
